year,infmort,afdcprt,popul,pcinc,physic,afdcper,d90,lpcinc,lphysic,DC,lpopul
1987,8.30000019073486,52,1186,13996,173,4.38448572158814,0,9.54652690887451,5.15329170227051,0,7.07834148406982
1990,6.19999980926514,62,1228,17125,178,5.0488600730896,1,9.74829483032227,5.18178367614746,0,7.11314201354981
1987,7.80000019073486,11,1056,18083,186,1.04166662693024,0,9.80272769927979,5.22574663162231,0,6.96224355697632
1990,7.09999990463257,21,1109,21051,200,1.89359784126282,1,9.95470333099365,5.29831743240356,0,7.01121377944946
1987,8.5,20,547,14267,244,3.65630722045898,0,9.56570434570312,5.49716806411743,0,6.30444860458374
1990,6.40000009536743,25,563,17630,253,4.44049739837647,1,9.77735710144043,5.53338956832886,0,6.33327960968018
1987,7.19999980926514,234,5856,19131,322,3.99590158462524,0,9.85906505584717,5.77455139160156,0,8.67522239685059
1990,7,282,6016,22558,337,4.6875,1,10.0238447189331,5.8200831413269,0,8.70217800140381
1987,8.39999961853027,42,986,15683,244,4.25963497161865,0,9.66033267974854,5.49716806411743,0,6.8936562538147
1990,8.10000038146973,52,1003,18771,254,5.18444681167603,1,9.84006881713867,5.53733444213867,0,6.91075086593628
1987,8.80000019073486,107,3212,21258,293,3.33125782012939,0,9.9644889831543,5.68017244338989,0,8.0746488571167
1990,7.90000009536743,135,3287,25528,305,4.10708856582642,1,10.1475315093994,5.72031164169312,0,8.09773063659668
1987,10.6999998092651,1019,17835,17943,307,5.71348476409912,0,9.79495525360107,5.72684764862061,0,9.78891849517822
1990,9.60000038146973,1031,17990,22068,315,5.73096179962158,1,10.0018835067749,5.75257253646851,0,9.79757118225098
1987,9.39999961853027,320,7674,20277,234,4.16992425918579,0,9.9172420501709,5.45532131195068,0,8.94559288024902
1990,9,323,7730,24977,246,4.17852544784546,1,10.1257104873657,5.50533151626587,0,8.95286369323731
1987,10.3999996185303,539,11942,15198,227,4.51348161697388,0,9.62891864776611,5.42495012283325,0,9.38781642913818
1990,9.60000038146973,549,11882,18725,235,4.62043428421021,1,9.83761501312256,5.45958566665649,0,9.38278007507324
1987,9.30000019073486,648,10816,14575,191,5.99112415313721,0,9.58706283569336,5.25227355957031,0,9.28878211975098
1990,9.80000019073486,657,10847,17422,196,6.05697441101074,1,9.76548862457275,5.27811479568481,0,9.29164409637451
1987,10.1000003814697,150,5530,13987,151,2.71247744560242,0,9.54588317871094,5.01727962493897,0,8.61794281005859
1990,9.60000038146973,164,5544,16814,157,2.95815300941467,1,9.72996711730957,5.05624580383301,0,8.6204719543457
1987,11.6000003814697,681,11584,16394,210,5.87879848480225,0,9.70467090606689,5.34710741043091,0,9.35737991333008
1990,10.6999998092651,656,11431,20327,212,5.73878049850464,1,9.91970539093018,5.35658645629883,0,9.34408378601074
1987,10.6999998092651,642,9205,15558,180,6.97447061538696,0,9.65233039855957,5.19295692443848,0,9.12750244140625
1990,10.6999998092651,684,9295,18297,185,7.35879516601563,1,9.81449222564697,5.22035598754883,0,9.13723182678223
1987,8.60000038146973,271,4807,14674,181,5.63761186599731,0,9.59383296966553,5.19849681854248,0,8.47782802581787
1990,8.19999980926514,236,4892,17455,189,4.82420301437378,1,9.76738166809082,5.24174690246582,0,8.49535655975342
1987,8.69999980926514,161,4244,15789,212,3.79359102249146,0,9.66706848144531,5.35658645629883,0,8.35326194763184
1990,7.30000019073486,177,4375,18690,220,4.04571437835693,1,9.83574390411377,5.39362764358521,0,8.38366222381592
1987,9.10000038146973,104,2823,14028,145,3.68402409553528,0,9.5488109588623,4.9767336845398,0,7.94555521011353
1990,8.10000038146973,96,2777,16848,151,3.45696806907654,1,9.73198699951172,5.01727962493897,0,7.9291262626648
1987,10.1999998092651,200,5107,14630,190,3.91619348526001,0,9.59082984924316,5.24702405929565,0,8.53836727142334
1990,9.39999961853027,218,5117,17347,196,4.26030874252319,1,9.76117515563965,5.27811479568481,0,8.54032325744629
1987,8.69999980926514,15,671,12825,167,2.23546934127808,0,9.45915126800537,5.11799383163452,0,6.50876903533936
1990,8,16,639,15158,170,2.50391244888306,1,9.62628364562988,5.13579845428467,0,6.45990467071533
1987,9.89999961853027,18,709,12414,138,2.53878712654114,0,9.42658042907715,4.92725372314453,0,6.56385564804077
1990,10.1000003814697,19,696,15566,140,2.72988510131836,1,9.65284442901611,4.94164228439331,0,6.54534959793091
1987,8.60000038146973,43,1594,14100,168,2.69761610031128,0,9.55393028259277,5.12396383285523,0,7.37400197982788
1990,8.30000019073486,44,1578,17276,172,2.78833961486816,1,9.75707340240479,5.14749431610107,0,7.36391353607178
1987,9.5,67,2475,15089,169,2.70707058906555,0,9.6217212677002,5.12989854812622,0,7.81399583816528
1990,8.39999961853027,77,2478,17768,175,3.10734462738037,1,9.78515434265137,5.16478586196899,0,7.81520700454712
1987,11.6999998092651,20,648,16305,191,3.08641982078552,0,9.69922733306885,5.25227355957031,0,6.47389078140259
1990,10.1000003814697,22,666,20709,199,3.30330324172974,1,9.93832397460938,5.29330492019653,0,6.50128984451294
1987,11.5,176,4536,18217,325,3.88007044792175,0,9.81011009216309,5.78382539749146,0,8.41980075836182
1990,9.5,198,4781,21915,334,4.14139318466187,1,9.99492645263672,5.81114101409912,0,8.47240543365479
1987,19.2999992370605,50,621,19543,591,8.05152988433838,0,9.88037204742432,6.38181591033936,1,6.43133115768433
1990,20.7000007629395,54,607,23885,615,8.89621067047119,1,10.0810060501099,6.42162227630615,1,6.40852880477905
1987,10.1999998092651,145,5914,16539,204,2.45180916786194,0,9.71347618103027,5.31812000274658,0,8.68507766723633
1990,10.1999998092651,158,6187,19679,213,2.5537416934967,1,9.88730716705322,5.36129236221314,0,8.73020553588867
1987,9.80000019073486,111,1898,11013,164,5.84826135635376,0,9.30683135986328,5.09986639022827,0,7.54855585098267
1990,9.89999961853027,109,1793,13722,166,6.07919692993164,1,9.52675533294678,5.1119875907898,0,7.49164533615112
1987,11.8999996185303,171,6409,13353,179,2.66812300682068,0,9.49949645996094,5.18738603591919,0,8.76545810699463
1990,10.6000003814697,255,6629,16383,190,3.84673404693604,1,9.70399951934814,5.24702405929565,0,8.79920959472656
1987,12.6999998092651,122,3426,12078,156,3.56100416183472,0,9.39914131164551,5.04985618591309,0,8.1391487121582
1990,11.6999998092651,118,3487,15043,161,3.38399767875671,1,9.61866760253906,5.08140420913696,0,8.15679740905762
1987,12.6999998092651,244,6227,14387,167,3.91841983795166,0,9.57408046722412,5.11799383163452,0,8.73664951324463
1990,12.3999996185303,320,6478,17041,175,4.93979644775391,1,9.74337768554688,5.16478586196899,0,8.77616691589356
1987,10.6000003814697,307,12022,15594,203,2.5536515712738,0,9.65464115142822,5.3132061958313,0,9.39449405670166
1990,9.60000038146973,420,12938,18606,208,3.24625134468079,1,9.83123970031738,5.33753824234009,0,9.46792411804199
1987,9.69999980926514,155,3723,11996,161,4.16330909729004,0,9.3923282623291,5.08140420913696,0,8.22228527069092
1990,8.5,204,3685,14984,168,5.53595638275147,1,9.61473846435547,5.12396383285523,0,8.21202564239502
1987,11.6999998092651,181,4855,12977,187,3.72811532020569,0,9.47093391418457,5.23110866546631,0,8.48776435852051
1990,10.3000001907349,230,4877,15869,196,4.71601390838623,1,9.67212295532227,5.27811479568481,0,8.49228572845459
1987,12.1999998092651,132,4084,12039,151,3.2321252822876,0,9.39590644836426,5.01727962493897,0,8.31483173370361
1990,10.8000001907349,132,4041,14899,158,3.26651811599731,1,9.60904979705811,5.06259489059448,0,8.30424785614014
1987,13.6999998092651,176,2624,10301,125,6.70731687545776,0,9.2399959564209,4.82831382751465,0,7.87245512008667
1990,12.1000003814697,176,2573,12700,133,6.84026432037354,1,9.44935703277588,4.8903489112854,0,7.85282802581787
1987,10.3000001907349,67,2388,11421,144,2.80569505691528,0,9.3432092666626,4.96981334686279,0,7.77821159362793
1990,9.19999980926514,73,2351,14037,150,3.10506176948547,1,9.54945182800293,5.01063537597656,0,7.76259613037109
1987,11.8000001907349,271,4448,11506,184,6.09262609481812,0,9.35062408447266,5.21493577957153,0,8.40020942687988
1990,11.1000003814697,279,4220,14300,188,6.61137437820435,1,9.56801509857178,5.23644208908081,0,8.34759044647217
1987,9.60000038146973,101,3259,12607,145,3.09911012649536,0,9.44200706481934,4.9767336845398,0,8.0891752243042
1990,9.19999980926514,129,3146,15154,147,4.10044479370117,1,9.62601947784424,4.99043273925781,0,8.05388736724854
1987,9.10000038146973,500,16781,13840,169,2.97956013679504,0,9.53531837463379,5.12989854812622,0,9.72800254821777
1990,8.10000038146973,673,16987,16600,175,3.96185326576233,1,9.71715831756592,5.16478586196899,0,9.74020385742188
1987,10,29,909,12304,150,3.1903190612793,0,9.41767978668213,5.01063537597656,0,6.81234502792358
1990,9,29,799,14663,158,3.62953686714172,1,9.59308242797852,5.06259489059448,0,6.6833610534668
1987,10.3999996185303,18,1000,11797,120,1.79999995231628,0,9.37560081481934,4.78749179840088,0,6.90775537490845
1990,8.69999980926514,17,1007,15137,125,1.68818271160126,1,9.62489700317383,4.82831382751465,0,6.9147310256958
1987,9.19999980926514,13,490,12836,134,2.65306115150452,0,9.46000862121582,4.89784002304077,0,6.1944055557251
1990,8.60000038146973,16,454,16467,139,3.52422904968262,1,9.70911407470703,4.93447399139404,0,6.11809730529785
1987,9.80000019073486,94,3293,15680,202,2.85453987121582,0,9.66014099121094,5.30826759338379,0,8.09955406188965
1990,8.80000019073486,109,3294,18795,211,3.30904674530029,1,9.84134578704834,5.35185813903809,0,8.09985828399658
1987,8.10000038146973,60,1496,11889,173,4.01069498062134,0,9.38336849212646,5.15329170227051,0,7.31055021286011
1990,9,67,1515,14124,183,4.42244243621826,1,9.55563068389893,5.20948600769043,0,7.32317066192627
1987,9.5,91,3400,14322,191,2.67647051811218,0,9.56955242156982,5.25227355957031,0,8.13153076171875
1990,8.80000019073486,144,3665,16169,197,3.92905855178833,1,9.69085121154785,5.28320360183716,0,8.20658397674561
1987,8.80000019073486,44,1680,11530,177,2.61904764175415,0,9.352707862854,5.17614984512329,0,7.42654895782471
1990,7.5,47,1723,14036,185,2.7278003692627,1,9.5493803024292,5.22035598754883,0,7.45182228088379
1987,9.60000038146973,17,1006,16359,158,1.68986082077026,0,9.70253372192383,5.06259489059448,0,6.91373729705811
1990,8.39999961853027,25,1202,19680,159,2.07986688613892,1,9.88735771179199,5.06890439987183,0,7.09174203872681
1987,9.69999980926514,208,4542,15634,206,4.57948017120361,0,9.65720367431641,5.32787609100342,0,8.42112255096436
1990,7.80000019073486,237,4867,18738,213,4.86952924728394,1,9.8383092880249,5.36129236221314,0,8.49023342132568
1987,10.3999996185303,81,2723,13906,196,2.97466039657593,0,9.54007530212402,5.27811479568481,0,7.90948963165283
1990,8.30000019073486,99,2842,17038,205,3.4834623336792,1,9.74320125579834,5.32300996780396,0,7.95226335525513
1987,9,1708,27653,17770,242,6.17654514312744,0,9.7852668762207,5.48893785476685,0,10.2274894714355
1990,7.90000009536743,2023,29760,20547,244,6.79771518707275,1,9.93047046661377,5.49716806411743,0,10.3009204864502
1987,10.3999996185303,19,524,18461,138,3.62595415115356,0,9.82341575622559,4.92725372314453,0,6.2614917755127
1990,10.5,24,550,20867,146,4.36363649368286,1,9.94592380523682,4.98360681533814,0,6.30991840362549
1987,8.89999961853027,41,1082,15569,225,3.7892792224884,0,9.65303707122803,5.41610050201416,0,6.9865665435791
1990,6.69999980926514,44,1108,20461,236,3.97111916542053,1,9.92627620697021,5.46383190155029,0,7.0103120803833
