year,lowbrth,infmort,afdcprt,popul,pcinc,physic,afdcprc,d90,lpcinc,cafdcprc,clpcinc,lphysic,clphysic,clowbrth,cinfmort,afdcpay,afdcinc,lafdcpay,clafdcpy,cafdcinc,stateabb,state,beds,bedspc,lbedspc,clbedspc,povrate,cpovrate,afdcpsq,cafdcpsq,physicpc,lphypc,clphypc,lpopul,clpopul
1987,8,12.1999998092651,132,4084,12039,151,3.2321252822876,0,9.39590644836426,,,5.01727962493897,,,,114,0.946922481060028,4.73619842529297,,,AL,alabama,24.2000007629395,0.00592556316405535,-5.12847948074341,,21.2999992370606,,10.4466342926025,,0.0369735546410084,-3.29755234718323,,8.31483173370361,
1990,8.39999961853027,10.8000001907349,132,4041,14899,158,3.26651811599731,1,9.60904979705811,0.0343928337097168,0.213143348693848,5.06259489059448,0.0453152656555176,0.399999618530273,-1.39999961853027,115,0.771863877773285,4.74493217468262,0.00873374938964844,-0.175058603286743,AL,alabama,23.5,0.00581539236009121,-5.14724683761597,-0.0187673568725586,19.2000007629395,-2.09999847412109,10.6701402664185,0.223505973815918,0.0390992313623428,-3.2416524887085,0.0558998584747315,8.30424785614014,-0.0105838775634766
1987,4.80000019073486,10.3999996185303,19,524,18461,138,3.62595415115356,0,9.82341575622559,,,4.92725372314453,,,,567,3.07133960723877,6.34035921096802,,,AK,alaska,2,0.0038167939055711,-5.5683445930481,,12,,13.1475439071655,,0.263358771800995,-1.33423805236816,,6.2614917755127,
1990,4.80000019073486,10.5,24,550,20867,146,4.36363649368286,1,9.94592380523682,0.737682342529297,0.12250804901123,4.98360681533814,0.0563530921936035,0,0.100000381469727,651,3.11975836753845,6.47850942611694,0.138150215148926,0.0484187602996826,AK,alaska,2,0.00363636366091669,-5.61677122116089,-0.048426628112793,11.3999996185303,-0.600000381469727,19.0413227081299,5.89377880096436,0.265454530715942,-1.32631170749664,0.007926344871521,6.30991840362549,0.048426628112793
1987,6.40000009536743,9.5,91,3400,14322,191,2.67647051811218,0,9.56955242156982,,,5.25227355957031,,,,268,1.87124705314636,5.59098720550537,,,AZ,arizona,13.3999996185303,0.00394117645919323,-5.53627586364746,,12.8000001907349,,7.16349458694458,,0.0561764687299728,-2.87925720214844,,8.13153076171875,
1990,6.40000009536743,8.80000019073486,144,3665,16169,197,3.92905855178833,1,9.69085121154785,1.25258803367615,0.121298789978027,5.28320360183716,0.0309300422668457,0,-0.699999809265137,268,1.65749275684357,5.59098720550537,0,-0.213754296302795,AZ,arizona,13.3000001907349,0.00362892239354551,-5.61881971359253,-0.0825438499450684,13.6999998092651,0.899999618530273,15.4375009536743,8.27400588989258,0.0537517070770264,-2.92337989807129,-0.0441226959228516,8.20658397674561,0.0750532150268555
1987,7.69999980926514,10.3000001907349,67,2388,11421,144,2.80569505691528,0,9.3432092666626,,,4.96981334686279,,,,185,1.61982309818268,5.22035598754883,,,AR,arkansas,13,0.00544388592243195,-5.21326208114624,,21.7999992370605,,7.87192487716675,,0.0603015087544918,-2.80839824676514,,7.77821159362793,
1990,8.19999980926514,9.19999980926514,73,2351,14037,150,3.10506176948547,1,9.54945182800293,0.29936671257019,0.206242561340332,5.01063537597656,0.0408220291137695,0.5,-1.10000038146973,190,1.35356557369232,5.24702405929565,0.0266680717468262,-0.266257524490356,AR,arkansas,12.8999996185303,0.00548702664673328,-5.2053689956665,0.00789308547973633,19.6000003814697,-2.19999885559082,9.64140892028809,1.76948404312134,0.0638026371598244,-2.75196075439453,0.0564374923706055,7.76259613037109,-0.0156154632568359
1987,6,9,1708,27653,17770,242,6.17654514312744,0,9.7852668762207,,,5.48893785476685,,,,557,3.13449645042419,6.32256507873535,,,CA,california,107.599998474121,0.00389107875525951,-5.54906892776489,,12.3000001907349,,38.1497116088867,,0.00875131133943796,-4.7385516166687,,10.2274894714355,
1990,5.80000019073486,7.90000009536743,2023,29760,20547,244,6.79771518707275,1,9.93047046661377,0.621170043945313,0.145203590393066,5.49716806411743,0.00823020935058594,-0.199999809265137,-1.09999990463257,637,3.10020923614502,6.45676946640015,0.134204387664795,-0.0342872142791748,CA,california,105.699996948242,0.00355174718424678,-5.64031553268433,-0.0912466049194336,13.8999996185303,1.59999942779541,46.2089309692383,8.05921936035156,0.00819892436265945,-4.80375242233276,-0.0652008056640625,10.3009204864502,0.0734310150146484
1987,7.90000009536743,9.80000019073486,94,3293,15680,202,2.85453987121582,0,9.66014099121094,,,5.30826759338379,,,,312,1.98979592323303,5.74300336837769,,,CO,colorado,14.1000003814697,0.00428181001916528,-5.45337963104248,,12.5,,8.14839744567871,,0.0613422393798828,-2.79128670692444,,8.09955406188965,
1990,8,8.80000019073486,109,3294,18795,211,3.30904674530029,1,9.84134578704834,0.454506874084473,0.181204795837402,5.35185813903809,0.0435905456542969,0.0999999046325684,-1,320,1.70258045196533,5.76832103729248,0.0253176689147949,-0.2872154712677,CO,colorado,13.6999998092651,0.00415907707065344,-5.48246192932129,-0.0290822982788086,13.6999998092651,1.19999980926514,10.9497900009155,2.80139255523682,0.064055860042572,-2.74799966812134,0.0432870388031006,8.09985828399658,0.000304222106933594
1987,6.69999980926514,8.80000019073486,107,3212,21258,293,3.33125782012939,0,9.9644889831543,,,5.68017244338989,,,,478,2.24856519699097,6.16961050033569,,,CT,connect,15.3000001907349,0.00476338714361191,-5.34679651260376,,6.59999990463257,,11.0972785949707,,0.091220423579216,-2.39447641372681,,8.0746488571167,
1990,6.59999990463257,7.90000009536743,135,3287,25528,305,4.10708856582642,1,10.1475315093994,0.775830745697022,0.183042526245117,5.72031164169312,0.0401391983032227,-0.0999999046325684,-0.900000095367432,571,2.23675966262817,6.34738922119141,0.177778720855713,-0.011805534362793,CT,connect,14.3000001907349,0.0043504717759788,-5.43747091293335,-0.0906744003295898,6,-0.599999904632568,16.8681774139404,5.77089881896973,0.0927897766232491,-2.37741875648499,0.0170576572418213,8.09773063659668,0.0230817794799805
1987,6.69999980926514,11.6999998092651,20,648,16305,191,3.08641982078552,0,9.69922733306885,,,5.25227355957031,,,,261,1.60073602199554,5.56452035903931,,,DE,delaware,3.40000009536743,0.00524691352620721,-5.25011539459229,,6.59999990463257,,9.52598762512207,,0.294753074645996,-1.22161734104157,,6.47389078140259,
1990,7.59999990463257,10.1000003814697,22,666,20709,199,3.30330324172974,1,9.93832397460938,0.216883420944214,0.239096641540527,5.29330492019653,0.0410313606262207,0.900000095367432,-1.59999942779541,292,1.41001498699188,5.67675399780273,0.112233638763428,-0.190721035003662,DE,delaware,2.79999995231628,0.00420420430600643,-5.47167015075684,-0.221554756164551,6.90000009536743,0.300000190734863,10.9118127822876,1.38582515716553,0.298798799514771,-1.20798480510712,0.0136325359344482,6.50128984451294,0.0273990631103516
1987,7.69999980926514,10.6000003814697,307,12022,15594,203,2.5536515712738,0,9.65464115142822,,,5.3132061958313,,,,236,1.5134025812149,5.46383190155029,,,FL,florida,60.9000015258789,0.00506571307778359,-5.28526020050049,,12.3999996185303,,6.52113628387451,,0.0168857090175152,-4.08128786087036,,9.39449405670166,
1990,7.40000009536743,9.60000038146973,420,12938,18606,208,3.24625134468079,1,9.83123970031738,0.692599773406982,0.17659854888916,5.33753824234009,0.0243320465087891,-0.299999713897705,-1,263,1.41352248191834,5.57215404510498,0.108322143554688,-0.0998800992965698,FL,florida,62.7999992370606,0.00485391868278384,-5.32796907424927,-0.0427088737487793,14.3999996185303,2,10.5381479263306,4.01701164245605,0.016076672822237,-4.1303858757019,-0.049098014831543,9.46792411804199,0.073430061340332
1987,8.19999980926514,12.6999998092651,244,6227,14387,167,3.91841983795166,0,9.57408046722412,,,5.11799383163452,,,,237,1.64732050895691,5.46806001663208,,,GA,georgia,35.0999984741211,0.00563674280419946,-5.17844867706299,,14.6000003814697,,15.3540143966675,,0.0268186926841736,-3.61865615844727,,8.73664951324463,
1990,8.69999980926514,12.3999996185303,320,6478,17041,175,4.93979644775391,1,9.74337768554688,1.02137660980225,0.169297218322754,5.16478586196899,0.0467920303344727,0.5,-0.300000190734863,265,1.55507302284241,5.57973003387451,0.111670017242432,-0.092247486114502,GA,georgia,34.9000015258789,0.00538746546953917,-5.22368001937866,-0.0452313423156738,15.8000001907349,1.19999980926514,24.4015884399414,9.04757404327393,0.0270145107060671,-3.61138105392456,0.00727510452270508,8.77616691589356,0.0395174026489258
1987,7,8.89999961853027,41,1082,15569,225,3.7892792224884,0,9.65303707122803,,,5.41610050201416,,,,410,2.63343834877014,6.01615715026856,,,HI,hawaii,3.79999995231628,0.00351201463490725,-5.65156555175781,,8.80000019073486,,14.3586368560791,,0.207948237657547,-1.57046604156494,,6.9865665435791,
1990,7.09999990463257,6.69999980926514,44,1108,20461,236,3.97111916542053,1,9.92627620697021,0.181839942932129,0.273239135742188,5.46383190155029,0.0477313995361328,0.0999999046325684,-2.19999980926514,581,2.83954834938049,6.36475086212158,0.348593711853027,0.206110000610352,HI,hawaii,4.09999990463257,0.00370036088861525,-5.59932470321655,0.0522408485412598,11,2.19999980926514,15.7697877883911,1.41115093231201,0.212996393442154,-1.54648005962372,0.0239859819412231,7.0103120803833,0.0237455368041992
1987,5.59999990463257,10.3999996185303,18,1000,11797,120,1.79999995231628,0,9.37560081481934,,,4.78749179840088,,,,259,2.19547343254089,5.55682802200317,,,ID,idaho,4,0.00400000018998981,-5.52146100997925,,15.1000003814697,,3.23999977111816,,0.119999997317791,-2.12026357650757,,6.90775537490845,
1990,5.69999980926514,8.69999980926514,17,1007,15137,125,1.68818271160126,1,9.62489700317383,-0.111817240715027,0.249296188354492,4.82831382751465,0.0408220291137695,0.0999999046325684,-1.69999980926514,266,1.75728344917297,5.58349609375,0.0266680717468262,-0.43818998336792,ID,idaho,3.90000009536743,0.00387288979254663,-5.5537543296814,-0.0322933197021484,14.8999996185303,-0.200000762939453,2.8499608039856,-0.390038967132568,0.124131083488464,-2.08641719818115,0.033846378326416,6.9147310256958,0.00697565078735352
1987,7.40000009536743,11.6000003814697,681,11584,16394,210,5.87879848480225,0,9.70467090606689,,,5.34710741043091,,,,308,1.87873613834381,5.73009967803955,,,IL,illinois,62.2999992370606,0.00537810754030943,-5.22541856765747,,14.3999996185303,,34.5602722167969,,0.018128452822566,-4.01027250289917,,9.35737991333008,
1990,7.59999990463257,10.6999998092651,656,11431,20327,212,5.73878049850464,1,9.91970539093018,-0.140017986297607,0.215034484863281,5.35658645629883,0.00947904586791992,0.199999809265137,-0.90000057220459,342,1.68249130249023,5.83481073379517,0.104711055755615,-0.196244835853577,IL,illinois,57.7000007629395,0.00504767755046487,-5.28882694244385,-0.063408374786377,13.6999998092651,-0.699999809265137,32.9336013793945,-1.62667083740234,0.0185460597276688,-3.98749804496765,0.0227744579315186,9.34408378601074,-0.0132961273193359
1987,6.5,10.1000003814697,150,5530,13987,151,2.71247744560242,0,9.54588317871094,,,5.01727962493897,,,,241,1.72302854061127,5.48479700088501,,,IN,indiana,28.5,0.00515370722860098,-5.26803874969482,,11.1000003814697,,7.35753393173218,,0.0273056048899889,-3.60066318511963,,8.61794281005859,
1990,6.59999990463257,9.60000038146973,164,5544,16814,157,2.95815300941467,1,9.72996711730957,0.245675563812256,0.184083938598633,5.05624580383301,0.038966178894043,0.0999999046325684,-0.5,263,1.56417274475098,5.57215404510498,0.0873570442199707,-0.158855795860291,IN,indiana,26.3999996185303,0.00476190447807312,-5.34710741043091,-0.079068660736084,13,1.89999961853027,8.75066947937012,1.39313554763794,0.028318902477622,-3.56422567367554,0.0364375114440918,8.6204719543457,0.00252914428710938
1987,5.09999990463257,9.10000038146973,104,2823,14028,145,3.68402409553528,0,9.5488109588623,,,4.9767336845398,,,,349,2.48788142204285,5.85507202148438,,,IA,iowa,17.7999992370605,0.00630534859374166,-5.06635713577271,,14.5,,13.5720338821411,,0.0513637959957123,-2.96882176399231,,7.94555521011353,
1990,5.40000009536743,8.10000038146973,96,2777,16848,151,3.45696806907654,1,9.73198699951172,-0.22705602645874,0.183176040649414,5.01727962493897,0.0405459403991699,0.300000190734863,-1,371,2.20204186439514,5.91620206832886,0.0611300468444824,-0.285839557647705,IA,iowa,17.2000007629395,0.00619373470544815,-5.0842170715332,-0.017859935760498,10.3999996185303,-4.10000038146973,11.9506282806396,-1.62140560150146,0.0543752238154411,-2.91184663772583,0.0569751262664795,7.9291262626648,-0.0164289474487305
1987,6.40000009536743,9.5,67,2475,15089,169,2.70707058906555,0,9.6217212677002,,,5.12989854812622,,,,325,2.15388703346252,5.78382539749146,,,KS,kansas,16.7000007629395,0.00674747489392757,-4.99858713150024,,9.19999980926514,,7.32823133468628,,0.0682828277349472,-2.68409705162048,,7.81399583816528,
1990,6.19999980926514,8.39999961853027,77,2478,17768,175,3.10734462738037,1,9.78515434265137,0.400274038314819,0.163433074951172,5.16478586196899,0.0348873138427734,-0.200000286102295,-1.10000038146973,332,1.86852765083313,5.8051347732544,0.0213093757629395,-0.285359382629395,KS,kansas,16.1000003814697,0.00649717543274164,-5.03638792037964,-0.0378007888793945,10.3000001907349,1.10000038146973,9.65559101104736,2.32735967636108,0.0706214681267738,-2.65042114257813,0.0336759090423584,7.81520700454712,0.00121116638183594
1987,6.80000019073486,9.69999980926514,155,3723,11996,161,4.16330909729004,0,9.3923282623291,,,5.08140420913696,,,,194,1.6172057390213,5.26785802841187,,,KY,kentucky,19.3999996185303,0.00521085131913424,-5.25701189041138,,17.2999992370605,,17.3331432342529,,0.043244693428278,-3.14088082313538,,8.22228527069092,
1990,7.09999990463257,8.5,204,3685,14984,168,5.53595638275147,1,9.61473846435547,1.37264728546143,0.222410202026367,5.12396383285523,0.0425596237182617,0.299999713897705,-1.19999980926514,224,1.49492788314819,5.41164588928223,0.143787860870361,-0.122277855873108,KY,kentucky,19,0.00515603786334395,-5.26758670806885,-0.0105748176574707,17.2999992370605,0,30.6468124389648,13.3136692047119,0.0455902293324471,-3.0880618095398,0.0528190135955811,8.21202564239502,-0.0102596282958984
1987,8.69999980926514,11.8000001907349,271,4448,11506,184,6.09262609481812,0,9.35062408447266,,,5.21493577957153,,,,167,1.45141661167145,5.11799383163452,,,LA,louisiana,26.6000003814697,0.00598021596670151,-5.11929845809937,,25.1000003814697,,37.1200942993164,,0.0413669049739838,-3.18527412414551,,8.40020942687988,
1990,9.19999980926514,11.1000003814697,279,4220,14300,188,6.61137437820435,1,9.56801509857178,0.518748283386231,0.217391014099121,5.23644208908081,0.0215063095092773,0.5,-0.699999809265137,167,1.16783213615417,5.11799383163452,0,-0.283584475517273,LA,louisiana,23.8999996185303,0.00566350715234876,-5.1737117767334,-0.0544133186340332,23.6000003814697,-1.5,43.7102699279785,6.59017562866211,0.0445497632026672,-3.11114835739136,0.0741257667541504,8.34759044647217,-0.0526189804077148
1987,5.40000009536743,8.30000019073486,52,1186,13996,173,4.38448572158814,0,9.54652690887451,,,5.15329170227051,,,,360,2.57216358184814,5.88610410690308,,,ME,maine,6.09999990463257,0.00514333881437779,-5.27005290985107,,11.6999998092651,,19.2237148284912,,0.145868465304375,-1.9250500202179,,7.07834148406982,
1990,5.09999990463257,6.19999980926514,62,1228,17125,178,5.0488600730896,1,9.74829483032227,0.664374351501465,0.201767921447754,5.18178367614746,0.0284919738769531,-0.300000190734863,-2.10000038146973,422,2.46423363685608,6.04500532150269,0.158901214599609,-0.107929944992065,ME,maine,5.59999990463257,0.00456026056781411,-5.39037561416626,-0.120322704315186,13.1000003814697,1.40000057220459,25.49098777771,6.26727294921875,0.14495113492012,-1.93135857582092,-0.00630855560302734,7.11314201354981,0.0348005294799805
1987,7.80000019073486,11.5,176,4536,18217,325,3.88007044792175,0,9.81011009216309,,,5.78382539749146,,,,318,1.74562227725983,5.76205158233643,,,MD,maryland,21.2999992370606,0.00469576707109809,-5.36109399795532,,9.19999980926514,,15.0549468994141,,0.0716490298509598,-2.63597559928894,,8.41980075836182,
1990,7.80000019073486,9.5,198,4781,21915,334,4.14139318466187,1,9.99492645263672,0.261322736740112,0.184816360473633,5.81114101409912,0.027315616607666,0,-2,370,1.68834125995636,5.91350317001343,0.151451587677002,-0.0572810173034668,MD,maryland,20.3999996185303,0.00426688976585865,-5.45687007904053,-0.0957760810852051,9.89999961853027,0.699999809265137,17.1511383056641,2.09619140625,0.0698598623275757,-2.66126394271851,-0.0252883434295654,8.47240543365479,0.0526046752929688
1987,5.69999980926514,7.19999980926514,234,5856,19131,322,3.99590158462524,0,9.85906505584717,,,5.77455139160156,,,,500,2.61355924606323,6.21460819244385,,,MA,mass,37.4000015258789,0.0063866120763123,-5.053551197052,,8.19999980926514,,15.9672298431396,,0.0549863390624523,-2.90067052841187,,8.67522239685059,
1990,5.90000009536743,7,282,6016,22558,337,4.6875,1,10.0238447189331,0.691598415374756,0.164779663085938,5.8200831413269,0.0455317497253418,0.200000286102295,-0.199999809265137,556,2.46475744247437,6.32076835632324,0.106160163879395,-0.148801803588867,MA,mass,33.5,0.00556848384439945,-5.19063234329224,-0.137081146240234,10.6999998092651,2.5,21.97265625,6.00542640686035,0.0560172870755196,-2.8820948600769,0.0185756683349609,8.70217800140381,0.0269556045532227
1987,7.19999980926514,10.6999998092651,642,9205,15558,180,6.97447061538696,0,9.65233039855957,,,5.19295692443848,,,,473,3.0402364730835,6.159095287323,,,MI,michigan,43.0999984741211,0.00468223774805665,-5.36397933959961,,12.1999998092651,,48.6432418823242,,0.019554590806365,-3.93454527854919,,9.12750244140625,
1990,7.59999990463257,10.6999998092651,684,9295,18297,185,7.35879516601563,1,9.81449222564697,0.384324550628662,0.162161827087402,5.22035598754883,0.0273990631103516,0.400000095367432,0,464,2.53593492507935,6.13988447189331,-0.0192108154296875,-0.50430154800415,MI,michigan,40.7000007629395,0.00437869830057025,-5.43100357055664,-0.0670242309570313,14.3000001907349,2.10000038146973,54.1518669128418,5.50862503051758,0.0199031736701727,-3.91687607765198,0.0176692008972168,9.13723182678223,0.00972938537597656
1987,5,8.69999980926514,161,4244,15789,212,3.79359102249146,0,9.66706848144531,,,5.35658645629883,,,,509,3.22376346588135,6.2324481010437,,,MN,minnes,25.8999996185303,0.00610273331403732,-5.09901857376099,,11.3000001907349,,14.3913326263428,,0.0499528758227825,-2.99667525291443,,8.35326194763184,
1990,5.09999990463257,7.30000019073486,177,4375,18690,220,4.04571437835693,1,9.83574390411377,0.252123355865479,0.168675422668457,5.39362764358521,0.037041187286377,0.0999999046325684,-1.39999961853027,512,2.73943281173706,6.2383246421814,0.00587654113769531,-0.484330654144287,MN,minnes,24.6000003814697,0.00562285725027323,-5.18091535568237,-0.0818967819213867,12,0.699999809265137,16.367805480957,1.97647285461426,0.0502857156097889,-2.99003434181213,0.00664091110229492,8.38366222381592,0.030400276184082
1987,9,13.6999998092651,176,2624,10301,125,6.70731687545776,0,9.2399959564209,,,4.82831382751465,,,,117,1.13581204414368,4.76217412948608,,,MS,mississ,17.3999996185303,0.00663109729066491,-5.01598501205444,,25,,44.9880981445313,,0.0476371943950653,-3.0441415309906,,7.87245512008667,
1990,9.60000038146973,12.1000003814697,176,2573,12700,133,6.84026432037354,1,9.44935703277588,0.132947444915771,0.20936107635498,4.8903489112854,0.062035083770752,0.600000381469727,-1.59999942779541,120,0.944881916046143,4.78749179840088,0.0253176689147949,-0.190930128097534,MS,mississ,17.2000007629395,0.00668480386957526,-5.00791835784912,0.00806665420532227,25.7000007629395,0.700000762939453,46.7892150878906,1.80111694335938,0.0516906343400478,-2.96247863769531,0.0816628932952881,7.85282802581787,-0.0196270942687988
1987,7,10.1999998092651,200,5107,14630,190,3.91619348526001,0,9.59082984924316,,,5.24702405929565,,,,264,1.80451130867004,5.57594919204712,,,MO,missouri,30.7999992370605,0.00603093765676022,-5.11085271835327,,14,,15.3365716934204,,0.0372038371860981,-3.29134345054626,,8.53836727142334,
1990,7.09999990463257,9.39999961853027,218,5117,17347,196,4.26030874252319,1,9.76117515563965,0.344115257263184,0.170345306396484,5.27811479568481,0.0310907363891602,0.0999999046325684,-0.800000190734863,274,1.57952380180359,5.61312818527222,0.0371789932250977,-0.224987506866455,MO,missouri,29.6000003814697,0.00578463962301612,-5.15254926681519,-0.0416965484619141,13.3999996185303,-0.600000381469727,18.1502304077148,2.81365871429443,0.038303691893816,-3.26220893859863,0.0291345119476318,8.54032325744629,0.00195598602294922
1987,5.5,10,29,909,12304,150,3.1903190612793,0,9.41767978668213,,,5.01063537597656,,,,356,2.89336800575256,5.87493085861206,,,MT,montana,4.90000009536743,0.00539053929969668,-5.22310972213745,,18,,10.1781358718872,,0.165016502141953,-1.80170977115631,,6.81234502792358,
1990,6.19999980926514,9,29,799,14663,158,3.62953686714172,1,9.59308242797852,0.439217805862427,0.175402641296387,5.06259489059448,0.0519595146179199,0.699999809265137,-1,344,2.34604096412659,5.84064149856567,-0.0342893600463867,-0.547327041625977,MT,montana,4.90000009536743,0.00613266602158546,-5.09412574768066,0.128983974456787,16.2999992370605,-1.70000076293945,13.1735382080078,2.99540233612061,0.197747185826302,-1.62076592445374,0.180943846702576,6.6833610534668,-0.128983974456787
1987,5.5,8.60000038146973,43,1594,14100,168,2.69761610031128,0,9.55393028259277,,,5.12396383285523,,,,316,2.24113464355469,5.75574207305908,,,NE,nebraska,11.1000003814697,0.0069636139087379,-4.96705675125122,,11.8999996185303,,7.27713251113892,,0.10539523512125,-2.25003790855408,,7.37400197982788,
1990,5.30000019073486,8.30000019073486,44,1578,17276,172,2.78833961486816,1,9.75707340240479,0.0907235145568848,0.203143119812012,5.14749431610107,0.0235304832458496,-0.199999809265137,-0.300000190734863,336,1.94489467144012,5.81711101531982,0.0613689422607422,-0.296239972114563,NE,nebraska,10.3999996185303,0.00659062061458826,-5.02210760116577,-0.0550508499145508,10.3000001907349,-1.59999942779541,7.77483797073364,0.497705459594727,0.108998730778694,-2.21641898155212,0.0336189270019531,7.36391353607178,-0.0100884437561035
1987,6.90000009536743,9.60000038146973,17,1006,16359,158,1.68986082077026,0,9.70253372192383,,,5.06259489059448,,,,247,1.50987219810486,5.50938844680786,,,NV,nevada,4.09999990463257,0.00407554674893618,-5.50275039672852,,10.3999996185303,,2.85562968254089,,0.157057657837868,-1.85114228725433,,6.91373729705811,
1990,7.19999980926514,8.39999961853027,25,1202,19680,159,2.07986688613892,1,9.88735771179199,0.390006065368652,0.184823989868164,5.06890439987183,0.00630950927734375,0.299999713897705,-1.20000076293945,278,1.41260159015656,5.62762117385864,0.118232727050781,-0.0972706079483032,NV,nevada,4.19999980926514,0.0034941763151437,-5.65665769577026,-0.153907299041748,9.80000019073486,-0.59999942779541,4.32584619522095,1.47021651268005,0.13227953016758,-2.02283787727356,-0.171695590019226,7.09174203872681,0.178004741668701
1987,4.90000009536743,7.80000019073486,11,1056,18083,186,1.04166662693024,0,9.80272769927979,,,5.22574663162231,,,,366,2.02400040626526,5.90263319015503,,,NH,newhampshire,4.80000019073486,0.00454545486718416,-5.39362764358521,,4.80000019073486,,1.08506941795349,,0.176136359572411,-1.73649680614471,,6.96224355697632,
1990,4.90000009536743,7.09999990463257,21,1109,21051,200,1.89359784126282,1,9.95470333099365,0.851931214332581,0.151975631713867,5.29831743240356,0.07257080078125,0,-0.700000286102295,431,2.04740858078003,6.06610822677612,0.163475036621094,0.0234081745147705,NH,newhampshire,4.90000009536743,0.00441839499399066,-5.42197895050049,-0.0283513069152832,6.30000019073486,1.5,3.58571267127991,2.50064325332642,0.180342644453049,-1.71289670467377,0.0236001014709473,7.01121377944946,0.0489702224731445
1987,7,9.39999961853027,320,7674,20277,234,4.16992425918579,0,9.9172420501709,,,5.45532131195068,,,,350,1.7260936498642,5.85793304443359,,,NJ,newjers,39.4000015258789,0.00513421976938844,-5.27182722091675,,8.30000019073486,,17.3882675170898,,0.0304925721138716,-3.4902720451355,,8.94559288024902,
1990,7,9,323,7730,24977,246,4.17852544784546,1,10.1257104873657,0.00860118865966797,0.208468437194824,5.50533151626587,0.0500102043151856,0,-0.399999618530273,352,1.40929651260376,5.86363124847412,0.00569820404052734,-0.316797137260437,NJ,newjers,38.2000007629395,0.00494178524240851,-5.31002855300903,-0.0382013320922852,9.19999980926514,0.899999618530273,17.460075378418,0.071807861328125,0.0318240635097027,-3.44753265380859,0.0427393913269043,8.95286369323731,0.00727081298828125
1987,7.09999990463257,8.10000038146973,60,1496,11889,173,4.01069498062134,0,9.38336849212646,,,5.15329170227051,,,,235,1.97661709785461,5.45958566665649,,,NM,newmexico,6.69999980926514,0.00447860965505242,-5.40844249725342,,19.3999996185303,,16.0856742858887,,0.115641713142395,-2.1572585105896,,7.31055021286011,
1990,7.40000009536743,9,67,1515,14124,183,4.42244243621826,1,9.55563068389893,0.411747455596924,0.172262191772461,5.20948600769043,0.0561943054199219,0.300000190734863,0.899999618530273,273,1.93288016319275,5.60947179794312,0.149886131286621,-0.0437369346618652,NM,newmexico,6.59999990463257,0.00435643550008535,-5.43610095977783,-0.0276584625244141,20.8999996185303,1.5,19.5579967498779,3.47232246398926,0.120792075991631,-2.11368465423584,0.0435738563537598,7.32317066192627,0.0126204490661621
1987,7.59999990463257,10.6999998092651,1019,17835,17943,307,5.71348476409912,0,9.79495525360107,,,5.72684764862061,,,,495,2.75873589515686,6.2045578956604,,,NY,newyork,110,0.00616764789447188,-5.08843755722046,,14.3000001907349,,32.6439094543457,,0.0172133445739746,-4.06207036972046,,9.78891849517822,
1990,7.59999990463257,9.60000038146973,1031,17990,22068,315,5.73096179962158,1,10.0018835067749,0.0174770355224609,0.206928253173828,5.75257253646851,0.0257248878479004,0,-1.09999942779541,556,2.51948523521423,6.32076835632324,0.116210460662842,-0.239250659942627,NY,newyork,104.300003051758,0.00579766556620598,-5.15030002593994,-0.0618624687194824,14.3000001907349,0,32.843921661377,0.20001220703125,0.0175097268074751,-4.04499864578247,0.0170717239379883,9.79757118225098,0.00865268707275391
1987,7.90000009536743,11.8999996185303,171,6409,13353,179,2.66812300682068,0,9.49949645996094,,,5.18738603591919,,,,239,1.78986001014709,5.47646331787109,,,NC,northcaro,29.7000007629395,0.00463410839438438,-5.37431144714356,,13.8000001907349,,7.11888027191162,,0.0279294736683369,-3.57807278633118,,8.76545810699463,
1990,8,10.6000003814697,255,6629,16383,190,3.84673404693604,1,9.70399951934814,1.17861104011536,0.204503059387207,5.24702405929565,0.0596380233764648,0.0999999046325684,-1.29999923706055,237,1.44662153720856,5.46806001663208,-0.00840330123901367,-0.343238472938538,NC,northcaro,30.1000003814697,0.00454065483063459,-5.39468383789063,-0.0203723907470703,13,-0.800000190734863,14.79736328125,7.67848300933838,0.0286619402468205,-3.55218505859375,0.0258877277374268,8.79920959472656,0.0337514877319336
1987,4.90000009536743,8.69999980926514,15,671,12825,167,2.23546934127808,0,9.45915126800537,,,5.11799383163452,,,,345,2.69005846977234,5.84354448318481,,,ND,northdak,5.90000009536743,0.00879284646362066,-4.73381662368774,,11.3999996185303,,4.99732303619385,,0.24888226389885,-1.39077532291412,,6.50876903533936,
1990,5.5,8,16,639,15158,170,2.50391244888306,1,9.62628364562988,0.26844310760498,0.167132377624512,5.13579845428467,0.0178046226501465,0.599999904632568,-0.699999809265137,359,2.36838626861572,5.88332223892212,0.0397777557373047,-0.321672201156616,ND,northdak,5.19999980926514,0.008137715049088,-4.81124591827393,-0.0774292945861816,13.6999998092651,2.30000019073486,6.26957750320435,1.2722544670105,0.266040682792664,-1.32410609722137,0.066669225692749,6.45990467071533,-0.0488643646240234
1987,6.59999990463257,9.30000019073486,648,10816,14575,191,5.99112415313721,0,9.58706283569336,,,5.25227355957031,,,,299,2.05145788192749,5.70044374465942,,,OH,ohio,56.5,0.00522374268621206,-5.25454092025757,,12.6999998092651,,35.8935699462891,,0.0176590234041214,-4.03650856018066,,9.28878211975098,
1990,7.09999990463257,9.80000019073486,657,10847,17422,196,6.05697441101074,1,9.76548862457275,0.0658502578735352,0.178425788879395,5.27811479568481,0.025841236114502,0.5,0.5,328,1.88267707824707,5.79301357269287,0.0925698280334473,-0.16878080368042,OH,ohio,52.0999984741211,0.00480317138135433,-5.33847904205322,-0.0839381217956543,11.5,-1.19999980926514,36.686939239502,0.793369293212891,0.0180695131421089,-4.0135293006897,0.0229792594909668,9.29164409637451,0.00286197662353516
1987,6.69999980926514,9.60000038146973,101,3259,12607,145,3.09911012649536,0,9.44200706481934,,,4.9767336845398,,,,277,2.19719195365906,5.6240177154541,,,OK,oklahoma,16.2000007629395,0.00497084995731711,-5.30416440963745,,17,,9.60448360443115,,0.0444921739399433,-3.11244201660156,,8.0891752243042,
1990,6.59999990463257,9.19999980926514,129,3146,15154,147,4.10044479370117,1,9.62601947784424,1.00133466720581,0.184012413024902,4.99043273925781,0.0136990547180176,-0.0999999046325684,-0.40000057220459,279,1.84109807014465,5.63121175765991,0.00719404220581055,-0.356093883514404,OK,oklahoma,14.8999996185303,0.00473617296665907,-5.35252571105957,-0.0483613014221191,15.6000003814697,-1.39999961853027,16.813648223877,7.2091646194458,0.0467259995639324,-3.06345462799072,0.0489873886108398,8.05388736724854,-0.0352878570556641
1987,5.40000009536743,10.3999996185303,81,2723,13906,196,2.97466039657593,0,9.54007530212402,,,5.27811479568481,,,,334,2.40184092521668,5.81114101409912,,,OR,oregon,10.3000001907349,0.00378259271383286,-5.57734537124634,,14.1999998092651,,8.84860420227051,,0.071979433298111,-2.63137483596802,,7.90948963165283,
1990,5,8.30000019073486,99,2842,17038,205,3.4834623336792,1,9.74320125579834,0.508801937103272,0.203125953674316,5.32300996780396,0.0448951721191406,-0.400000095367432,-2.09999942779541,374,2.19509339332581,5.92425584793091,0.113114833831787,-0.206747531890869,OR,oregon,10.3999996185303,0.003659394569695,-5.61045742034912,-0.0331120491027832,9.19999980926514,-5,12.1345100402832,3.2859058380127,0.0721323043107987,-2.62925338745117,0.0021214485168457,7.95226335525513,0.0427737236022949
1987,6.90000009536743,10.3999996185303,539,11942,15198,227,4.51348161697388,0,9.62891864776611,,,5.42495012283325,,,,335,2.20423746109009,5.8141303062439,,,PA,pennsyl,70.6999969482422,0.00592028116807342,-5.12937116622925,,10.6000003814697,,20.3715171813965,,0.0190085414797068,-3.96286678314209,,9.38781642913818,
1990,7.09999990463257,9.60000038146973,549,11882,18725,235,4.62043428421021,1,9.83761501312256,0.106952667236328,0.208696365356445,5.45958566665649,0.0346355438232422,0.199999809265137,-0.799999237060547,382,2.04005336761475,5.94542074203491,0.131290435791016,-0.164184093475342,PA,pennsyl,68.5,0.00576502270996571,-5.15594625473023,-0.0265750885009766,11,0.399999618530273,21.3484134674072,0.976896286010742,0.0197778157889843,-3.92319440841675,0.0396723747253418,9.38278007507324,-0.00503635406494141
1987,6,8.39999961853027,42,986,15683,244,4.25963497161865,0,9.66033267974854,,,5.49716806411743,,,,433,2.76095128059387,6.07073783874512,,,RI,rhode,5.09999990463257,0.00517241377383471,-5.2644157409668,,8.10000038146973,,18.1444892883301,,0.247464507818222,-1.39648807048798,,6.8936562538147,
1990,6.19999980926514,8.10000038146973,52,1003,18771,254,5.18444681167603,1,9.84006881713867,0.924811840057373,0.179736137390137,5.53733444213867,0.0401663780212402,0.199999809265137,-0.299999237060547,499,2.6583559513092,6.21260595321655,0.141868114471436,-0.102595329284668,RI,rhode,4.40000009536743,0.00438683945685625,-5.42914628982544,-0.164730548858643,7.5,-0.600000381469727,26.8784885406494,8.73399925231934,0.253240287303925,-1.3734165430069,0.0230715274810791,6.91075086593628,0.017094612121582
1987,8.60000038146973,12.6999998092651,122,3426,12078,156,3.56100416183472,0,9.39914131164551,,,5.04985618591309,,,,187,1.54826962947845,5.23110866546631,,,SC,southcaro,15.1000003814697,0.00440747244283557,-5.42445373535156,,15.6000003814697,,12.6807508468628,,0.045534148812294,-3.0892927646637,,8.1391487121582,
1990,8.69999980926514,11.6999998092651,118,3487,15043,161,3.38399767875671,1,9.61866760253906,-0.177006483078003,0.219526290893555,5.08140420913696,0.031548023223877,0.0999994277954102,-1,203,1.34946489334106,5.3132061958313,0.0820975303649902,-0.19880473613739,SC,southcaro,14.6000003814697,0.00418698042631149,-5.47577524185181,-0.0513215065002441,16.2000007629395,0.600000381469727,11.4514398574829,-1.22931098937988,0.0461714938282967,-3.0753927230835,0.0139000415802002,8.15679740905762,0.0176486968994141
1987,5.19999980926514,9.89999961853027,18,709,12414,138,2.53878712654114,0,9.42658042907715,,,4.92725372314453,,,,268,2.15885281562805,5.59098720550537,,,SD,southdak,5.69999980926514,0.00803949218243361,-4.82338953018189,,15.1999998092651,,6.4454402923584,,0.194640338420868,-1.63660180568695,,6.56385564804077,
1990,5.09999990463257,10.1000003814697,19,696,15566,140,2.72988510131836,1,9.65284442901611,0.191097974777222,0.226263999938965,4.94164228439331,0.0143885612487793,-0.0999999046325684,0.200000762939453,272,1.74739813804626,5.60580205917358,0.0148148536682129,-0.411454677581787,SD,southdak,5.40000009536743,0.00775862066075206,-4.8589506149292,-0.0355610847473145,13.3000001907349,-1.89999961853027,7.45227289199829,1.00683259963989,0.201149418950081,-1.6037073135376,0.032894492149353,6.54534959793091,-0.0185060501098633
1987,8.10000038146973,11.6999998092651,181,4855,12977,187,3.72811532020569,0,9.47093391418457,,,5.23110866546631,,,,149,1.14818525314331,5.00394630432129,,,TN,tennessee,30.2000007629395,0.00622039148584008,-5.07992219924927,,16.8999996185303,,13.8988437652588,,0.0385169945657253,-3.2566556930542,,8.48776435852051,
1990,8.19999980926514,10.3000001907349,230,4877,15869,196,4.71601390838623,1,9.67212295532227,0.987898588180542,0.201189041137695,5.27811479568481,0.0470061302185059,0.0999994277954102,-1.39999961853027,186,1.17209649085999,5.22574663162231,0.221800327301025,0.0239112377166748,TN,tennessee,29.6000003814697,0.00606930488720536,-5.10451126098633,-0.0245890617370605,16.8999996185303,0,22.2407875061035,8.34194374084473,0.0401886403560638,-3.21417093276978,0.0424847602844238,8.49228572845459,0.00452136993408203
1987,6.90000009536743,9.10000038146973,500,16781,13840,169,2.97956013679504,0,9.53531837463379,,,5.12989854812622,,,,169,1.22109830379486,5.12989854812622,,,TX,texas,80.9000015258789,0.00482092844322324,-5.33478879928589,,17.6000003814697,,8.87777900695801,,0.0100709134712815,-4.59810400009155,,9.72800254821777,
1990,6.90000009536743,8.10000038146973,673,16987,16600,175,3.96185326576233,1,9.71715831756592,0.982293128967285,0.181839942932129,5.16478586196899,0.0348873138427734,0,-1,165,0.993975877761841,5.1059455871582,-0.0239529609680176,-0.22712242603302,TX,texas,78.9000015258789,0.00464472826570272,-5.37202262878418,-0.037233829498291,15.8999996185303,-1.70000076293945,15.6962814331055,6.81850242614746,0.0103019960224628,-4.57541751861572,0.0226864814758301,9.74020385742188,0.0122013092041016
1987,5.69999980926514,8.80000019073486,44,1680,11530,177,2.61904764175415,0,9.352707862854,,,5.17614984512329,,,,344,2.98352122306824,5.84064149856567,,,UT,utah,5.90000009536743,0.00351190473884344,-5.6515965461731,,10.1999998092651,,6.85941076278687,,0.105357140302658,-2.25039935112,,7.42654895782471,
1990,5.69999980926514,7.5,47,1723,14036,185,2.7278003692627,1,9.5493803024292,0.108752727508545,0.196672439575195,5.22035598754883,0.0442061424255371,0,-1.30000019073486,347,2.47221422195435,5.84932470321655,0.00868320465087891,-0.511307001113892,UT,utah,5.59999990463257,0.00325014512054622,-5.72905540466309,-0.0774588584899902,8.19999980926514,-2,7.44089508056641,0.581484317779541,0.107370868325233,-2.23146629333496,0.0189330577850342,7.45182228088379,0.025273323059082
1987,5.30000019073486,8.5,20,547,14267,244,3.65630722045898,0,9.56570434570312,,,5.49716806411743,,,,454,3.18216872215271,6.11809730529785,,,VT,vermont,2.5,0.00457038404420018,-5.38815784454346,,9.30000019073486,,13.3685827255249,,0.446069478988647,-0.807280540466309,,6.30444860458374,
1990,5.30000019073486,6.40000009536743,25,563,17630,253,4.44049739837647,1,9.77735710144043,0.784190177917481,0.211652755737305,5.53338956832886,0.0362215042114258,0,-2.09999990463257,527,2.98922300338745,6.2672004699707,0.149103164672852,-0.192945718765259,VT,vermont,2.29999995231628,0.00408525764942169,-5.50037050247192,-0.112212657928467,10.8999996185303,1.59999942779541,19.718017578125,6.3494348526001,0.449378341436386,-0.799890100955963,0.00739043951034546,6.33327960968018,0.0288310050964355
1987,6.90000009536743,10.1999998092651,145,5914,16539,204,2.45180916786194,0,9.71347618103027,,,5.31812000274658,,,,255,1.54181027412415,5.54126358032227,,,VA,virginia,30.2000007629395,0.00510652689263225,-5.27723598480225,,9.89999961853027,,6.01136827468872,,0.0344944186508656,-3.36695766448975,,8.68507766723633,
1990,7.19999980926514,10.1999998092651,158,6187,19679,213,2.5537416934967,1,9.88730716705322,0.101932525634766,0.173830986022949,5.36129236221314,0.0431723594665527,0.299999713897705,0,265,1.34661316871643,5.57973003387451,0.0384664535522461,-0.195197105407715,VA,virginia,29.2000007629395,0.00471957353875041,-5.35603666305542,-0.0788006782531738,11.1000003814697,1.20000076293945,6.52159643173218,0.510228157043457,0.0344270244240761,-3.36891341209412,-0.00195574760437012,8.73020553588867,0.0451278686523438
1987,5.30000019073486,9.69999980926514,208,4542,15634,206,4.57948017120361,0,9.65720367431641,,,5.32787609100342,,,,441,2.82077527046204,6.08904504776001,,,WA,washington,16.5,0.00363276083953679,-5.61776256561279,,10,,20.9716377258301,,0.0453544706106186,-3.09324645996094,,8.42112255096436,
1990,5.30000019073486,7.80000019073486,237,4867,18738,213,4.86952924728394,1,9.8383092880249,0.290049076080322,0.181105613708496,5.36129236221314,0.0334162712097168,0,-1.89999961853027,452,2.41221046447754,6.11368227005005,0.0246372222900391,-0.408564805984497,WA,washington,15.8000001907349,0.00324635300785303,-5.73022317886353,-0.112460613250732,8.89999961853027,-1.10000038146973,23.7123146057129,2.74067687988281,0.0437641255557537,-3.12894082069397,-0.0356943607330322,8.49023342132568,0.0691108703613281
1987,7.09999990463257,9.80000019073486,111,1898,11013,164,5.84826135635376,0,9.30683135986328,,,5.09986639022827,,,,246,2.23372387886047,5.50533151626587,,,WV,westvirg,11.3000001907349,0.0059536355547607,-5.1237530708313,,21.6000003814697,,34.2021598815918,,0.0864067450165749,-2.44868946075439,,7.54855585098267,
1990,7.09999990463257,9.89999961853027,109,1793,13722,166,6.07919692993164,1,9.52675533294678,0.230935573577881,0.219923973083496,5.1119875907898,0.0121212005615234,0,0.0999994277954102,249,1.81460428237915,5.51745271682739,0.0121212005615234,-0.419119596481323,WV,westvirg,10.1999998092651,0.00568878976628184,-5.16925764083862,-0.0455045700073242,18.1000003814697,-3.5,36.9566345214844,2.75447463989258,0.0925822630524635,-2.37965774536133,0.0690317153930664,7.49164533615112,-0.056910514831543
1987,5.40000009536743,8.60000038146973,271,4807,14674,181,5.63761186599731,0,9.59383296966553,,,5.19849681854248,,,,487,3.3187952041626,6.18826389312744,,,WI,wisconsin,25.3999996185303,0.00528396060690284,-5.24307918548584,,9,,31.7826671600342,,0.037653423845768,-3.27933144569397,,8.47782802581787,
1990,5.90000009536743,8.19999980926514,236,4892,17455,189,4.82420301437378,1,9.76738166809082,-0.813408851623535,0.173548698425293,5.24174690246582,0.0432500839233398,0.5,-0.40000057220459,464,2.65826416015625,6.13988447189331,-0.0483794212341309,-0.660531044006348,WI,wisconsin,23.7000007629395,0.00484464457258582,-5.32988119125366,-0.0868020057678223,9.30000019073486,0.300000190734863,23.2729339599609,-8.50973320007324,0.0386345051229,-3.25360941886902,0.0257220268249512,8.49535655975342,0.0175285339355469
1987,7.69999980926514,9.19999980926514,13,490,12836,134,2.65306115150452,0,9.46000862121582,,,4.89784002304077,,,,308,2.39950132369995,5.73009967803955,,,WY,wyoming,3.09999990463257,0.00632653059437871,-5.0630030632019,,10.8000001907349,,7.03873348236084,,0.273469388484955,-1.29656553268433,,6.1944055557251,
1990,7.40000009536743,8.60000038146973,16,454,16467,139,3.52422904968262,1,9.70911407470703,0.871167898178101,0.249105453491211,4.93447399139404,0.0366339683532715,-0.299999713897705,-0.59999942779541,313,1.90077126026154,5.74620342254639,0.0161037445068359,-0.498730063438416,WY,wyoming,2.90000009536743,0.00638766540214419,-5.05338621139526,0.00961685180664062,11,0.199999809265137,12.4201908111572,5.38145732879639,0.306167393922806,-1.18362331390381,0.112942218780518,6.11809730529785,-0.0763082504272461
